frame,time_s,frame_ms,fps
1,0.003145,3.145000,317.965024
2,0.009121,5.976000,167.336011
3,0.009202,0.081000,12345.679012
4,0.011592,2.390000,418.410042
5,0.019609,8.017000,124.734938
6,0.026247,6.638000,150.647785
7,0.031973,5.726000,174.641984
8,0.040401,8.428000,118.652112
9,0.046003,5.602000,178.507676
10,0.054152,8.149000,122.714443
11,0.060724,6.572000,152.160682
12,0.067736,7.012000,142.612664
13,0.074575,6.839000,146.220208
14,0.081515,6.940000,144.092219
15,0.087507,5.992000,166.889186
16,0.094170,6.663000,150.082545
17,0.102491,8.321000,120.177863
18,0.109020,6.529000,153.162812
19,0.116023,7.003000,142.795945
20,0.122958,6.935000,144.196107
21,0.129391,6.433000,155.448469
22,0.136803,7.412000,134.916352
23,0.143542,6.739000,148.389969
24,0.150515,6.973000,143.410297
25,0.156222,5.707000,175.223410
26,0.164586,8.364000,119.560019
27,0.171123,6.537000,152.975371
28,0.178116,6.993000,143.000143
29,0.185004,6.888000,145.180023
30,0.191895,6.891000,145.116819
31,0.198789,6.894000,145.053670
32,0.204381,5.592000,178.826896
33,0.212689,8.308000,120.365912
34,0.219502,6.813000,146.778218
35,0.226413,6.911000,144.696860
36,0.233227,6.814000,146.756677
37,0.241418,8.191000,122.085215
38,0.246812,5.394000,185.391175
39,0.253392,6.580000,151.975684
40,0.261065,7.673000,130.327121
41,0.267764,6.699000,149.276011
42,0.273437,5.673000,176.273577
43,0.282013,8.576000,116.604478
44,0.288257,6.244000,160.153748
45,0.295409,7.152000,139.821029
46,0.302259,6.850000,145.985401
47,0.309247,6.988000,143.102461
48,0.316136,6.889000,145.158949
49,0.322547,6.411000,155.981906
50,0.330010,7.463000,133.994372
51,0.335771,5.761000,173.580976
52,0.343987,8.216000,121.713729
53,0.350514,6.527000,153.209744
54,0.357533,7.019000,142.470437
55,0.364011,6.478000,154.368632
56,0.370978,6.967000,143.533802
57,0.378263,7.285000,137.268360
58,0.385056,6.793000,147.210364
59,0.392017,6.961000,143.657520
60,0.398884,6.867000,145.623999
61,0.405807,6.923000,144.446049
62,0.411677,5.870000,170.357751
63,0.419855,8.178000,122.279286
64,0.426433,6.578000,152.021891
65,0.433414,6.981000,143.245953
66,0.439179,5.765000,173.460538
67,0.447477,8.298000,120.510966
68,0.454180,6.703000,149.186931
69,0.460965,6.785000,147.383935
70,0.468053,7.088000,141.083521
71,0.474751,6.698000,149.298298
72,0.481724,6.973000,143.410297
73,0.487891,6.167000,162.153397
74,0.495691,7.800000,128.205128
75,0.502367,6.676000,149.790294
76,0.509337,6.970000,143.472023
77,0.516207,6.870000,145.560408
78,0.523150,6.943000,144.029958
79,0.530001,6.851000,145.964093
80,0.535618,5.617000,178.030977
81,0.544143,8.525000,117.302053
82,0.550624,6.481000,154.297176
83,0.557652,7.028000,142.287991
84,0.564505,6.853000,145.921494
85,0.571466,6.961000,143.657520
86,0.578265,6.799000,147.080453
87,0.585221,6.956000,143.760782
88,0.590857,5.636000,177.430802
89,0.598895,8.038000,124.409057
90,0.606015,7.120000,140.449438
91,0.612220,6.205000,161.160355
92,0.619836,7.616000,131.302521
93,0.626551,6.715000,148.920328
94,0.633139,6.588000,151.791135
95,0.640480,7.341000,136.221223
96,0.646041,5.561000,179.823773
97,0.654461,8.420000,118.764846
98,0.660891,6.430000,155.520995
99,0.668072,7.181000,139.256371
100,0.674634,6.562000,152.392563
101,0.681882,7.248000,137.969095
102,0.688038,6.156000,162.443145
103,0.695794,7.756000,128.932439
104,0.702456,6.662000,150.105074
105,0.709454,6.998000,142.897971
106,0.715929,6.475000,154.440154
107,0.723346,7.417000,134.825401
108,0.729398,6.052000,165.234633
109,0.736577,7.179000,139.295166
110,0.742960,6.383000,156.666144
111,0.751024,8.064000,124.007937
112,0.757654,6.630000,150.829563
113,0.764607,6.953000,143.822810
114,0.771504,6.897000,144.990576
115,0.778385,6.881000,145.327714
116,0.785290,6.905000,144.822592
117,0.792214,6.924000,144.425188
118,0.799078,6.864000,145.687646
119,0.806037,6.959000,143.698807
120,0.812873,6.836000,146.284377
121,0.819797,6.924000,144.425188
122,0.826693,6.896000,145.011601
123,0.833581,6.888000,145.180023
124,0.840255,6.674000,149.835181
125,0.847437,7.182000,139.236981
126,0.854283,6.846000,146.070698
127,0.861174,6.891000,145.116819
128,0.868086,6.912000,144.675926
129,0.873664,5.578000,179.275726
130,0.882248,8.584000,116.495806
131,0.887671,5.423000,184.399779
132,0.896027,8.356000,119.674485
133,0.902492,6.465000,154.679041
134,0.909560,7.068000,141.482739
135,0.916357,6.797000,147.123731
136,0.922754,6.397000,156.323277
137,0.929363,6.609000,151.308821
138,0.937325,7.962000,125.596584
139,0.943918,6.593000,151.676020
140,0.950897,6.979000,143.287004
141,0.957782,6.885000,145.243282
142,0.964693,6.911000,144.696860
143,0.970975,6.282000,159.184973
144,0.978647,7.672000,130.344108
145,0.985335,6.688000,149.521531
146,0.992336,7.001000,142.836738
147,0.999182,6.846000,146.070698
148,1.006116,6.934000,144.216902
