# Historical image review register: 2026-10-05; not a new visual review.
# baseline=16e573b01c0f7700e44224fd0fafb6e1246ea930
# path_prefix=docs/art/production/evidence/lowfi-batch-r1/
# methods F=full original frame; C=central 600x450 pixel crop, unscaled; T=full-frame thumbnail; see exact methods below.
relative_path	sha256	review_method
relation/terrain-original_normal.png	e89ebcf54ca8acbafe0c6cb91b2035697662ffbe085997cee6a13fd68e7a5c3e	full original frame
relation/terrain-flat_normal.png	eb33b3994ad7f08f292630087e6be2ab54bcc72c3263246eccfaddea2c2f60c5	full original frame
relation/terrain-dug_normal.png	9af4b70ddbc9c788dbf935645b0d774a5f546ba51e6d7cab276c9e594bc7097c	full original frame
captures/set-05/tuoyun_idle_empty_normal_0.0.png	6b969f9eaf3498145fb6453ef7a2b47f35e3324c6c12931bca10d534e797559d	full original frame
captures/set-06/solar_idle_empty_normal_0.0.png	2c0ff7efd3ed250a4d492a98a8c57438b26f221c3cfde46c5dc323e271d6a8e1	full original frame
captures/set-06/processor_idle_empty_normal_0.0.png	b5de31b77166d5dfbf5a8c550a0b82827b5e2e55b8414cea0098a0291ecadfd9	full original frame
captures/set-04/charger_idle_empty_normal_0.0.png	b56870d685f69f064e456d0baa4cda08b29ad700246fcb31608a87d990430bd0	full original frame
captures/set-05/crate_idle_empty_normal_0.0.png	24067ecf6fd72f97270aa8201d87f169ae7d0c4f11d5bae48522d6ff4086b892	full original frame
captures/set-02/lander_idle_empty_normal_0.0.png	738b435480eeaf74a385d71badab96f11e0d7b85dd4c1fe0c9fe70f05bbe1c81	full original frame
captures/set-05/recovery_idle_empty_normal_0.0.png	032a5cd0126392884dd835c9971fb16038ea505f007774cbac1ece3800051c89	full original frame
captures/set-02/repair_idle_empty_normal_0.0.png	9bb1052cf4da7ec023f8687ad2ebb88d94bea96d475fdcf2bb7f47aa44f90565	full original frame
captures/set-04/storage_idle_empty_normal_0.0.png	5279dc7a89b955323af135183359ba17f4793ed4ca56e05f6c0d52acf9277c27	full original frame
captures/set-05/terrain-dug_idle_empty_normal_0.0.png	f0cca95d9b12c1212c433bf70c7fd629488446db8380ab2c50fdd0a7dbf6fb37	full original frame
captures/set-05/terrain-flat_idle_empty_normal_0.0.png	8395a386b9e65c5d4ffa68848e6ec4e2d1b467ec7fa519a95f7c236a6838a65a	full original frame
captures/set-05/terrain-original_idle_empty_normal_0.0.png	39c78f30136df01c8ef171f1739a2109bbc2aecf17a2feee18f9a18fce64e9f9	full original frame
captures/set-01/wangshan_idle_empty_normal_0.0.png	436a80c450d815848331b626b54c74eb76ec3fae27337512682b5fb5442ca8db	full original frame
captures/set-03/zhulei_idle_empty_normal_0.0.png	2da149e1fab5360b807841a99c421194f07fe23db80014af88c4f8aba5e221b4	full original frame
captures/set-05/tuoyun_idle_loaded_normal_0.0.png	b8dcc8cad22597e9a9031f7be37bd547131ae9c0a4992d5c1d360968a901c6d7	central 600x450 pixel crop, unscaled
captures/set-05/tuoyun_maintenance_normal_0.0.png	e1fdf67696a49857b556e6436007ff982ab8b502917317b3930c83bc4ea03738	central 600x450 pixel crop, unscaled
captures/set-05/tuoyun_idle_loaded_close_90.0.png	c00706bcf3883d15c1645af4128e871b0046df3fa89f52e5a8a1956995b86037	central 600x450 pixel crop, unscaled
captures/set-03/zhulei_work_0.25_normal_0.0.png	d5dc2325b3797fc6d4ff3bf6e867af262a36f9d9a2a453de06a44bbd869aeb7f	central 600x450 pixel crop, unscaled
captures/set-03/zhulei_work_0.75_normal_0.0.png	2fa29ffbe63bce13ec2af406ed44ddcd840b33ff2685b57736e99a619c385179	central 600x450 pixel crop, unscaled
captures/set-01/wangshan_work_0.25_normal_0.0.png	702ddad4cd620433c4d4d130f17fc0700cc5d3c83f999b3dc808dc40c42b00f1	central 600x450 pixel crop, unscaled
captures/set-01/wangshan_work_0.75_normal_0.0.png	7150f3b90ed6e75f7d08d864e7855595faaad47d63c23a4007cd3c4079dfc77d	central 600x450 pixel crop, unscaled
captures/set-01/wangshan_disabled_normal_0.0.png	f44dc4f214352d0748757e1074d896796a245760452868f11333bbb5ce01f0b6	central 600x450 pixel crop, unscaled
captures/set-03/zhulei_disabled_normal_0.0.png	fcf63c640786742823d691c8b6c9278bd2b00c61d78a1a30aa60140649aeea93	central 600x450 pixel crop, unscaled
captures/set-06/solar_packed_normal_0.0.png	75b03e776edbe9d2517c749c1c8f6ce7094171317a0077bd23b950b2f7574403	central 600x450 pixel crop, unscaled
captures/set-06/solar_deploying_normal_0.0.png	82e0a189fc40be7545030ba23b4904b41da546fe556a6dde5df0d1b2a7aa3d3d	central 600x450 pixel crop, unscaled
captures/set-06/solar_installed_normal_0.0.png	e51b1586ed67114d4e8d5db58de3112518ece02663d1a0a16651dee8c24f153a	central 600x450 pixel crop, unscaled
captures/set-06/solar_work_normal_0.0.png	b4c82ea2b3c13297749ca216ece795509d07c75852cb59e9c95407ab52896e77	central 600x450 pixel crop, unscaled
captures/set-06/solar_idle_empty_normal_90.0.png	552cd01cbfef17010c7bb1edac56d82459337a07a25194deeedc3a0661b70450	central 600x450 pixel crop, unscaled
captures/set-06/solar_idle_empty_normal_180.0.png	937ccfea07a75e3791f7a9f7c3163a2aeee1e6117e5c236db3c7451f481d1dd3	central 600x450 pixel crop, unscaled
captures/set-06/processor_idle_empty_normal_90.0.png	7c9862ba10e0cea8bb2134ca8f88494d29e7b9a1389de57329808b8ba03719df	central 600x450 pixel crop, unscaled
captures/set-06/processor_idle_empty_normal_180.0.png	fedfcdb00f82fab437b9f4b1ab7931bfe5be1fc866ec0467ea2d7c0bbc5c5a91	central 600x450 pixel crop, unscaled
captures/set-06/processor_work_normal_0.0.png	e6bb61c90010d1336559d98a5b51bb0aadff5fb7da78c22dafa2aea11d3f968a	central 600x450 pixel crop, unscaled
captures/set-06/processor_disabled_normal_0.0.png	50564d29394d531ccf7457d0da88a02509696a0bd634e4b1d03d5466e064984e	central 600x450 pixel crop, unscaled
captures/set-06/processor_maintenance_normal_0.0.png	32fdaf6d830b92871a7bbe2aa117bf507e31fb732fe73e8a0a59ca2c6b4816fd	central 600x450 pixel crop, unscaled
captures/set-04/charger_work_0.5_normal_0.0.png	6ea2e531687adba69eb1090fc55ef61ded17b61a418974c219865fdf26fbe1b6	central 600x450 pixel crop, unscaled
captures/set-04/charger_work_1.5_normal_0.0.png	eca3345593d40439b0d38b98f0be702e95ca839b0018989e11a435289581c317	central 600x450 pixel crop, unscaled
captures/set-02/repair_work_0.25_normal_0.0.png	385830b4199b22b5ead13ffc1a2cbddf4e38c433e0bf452ad23d2d4f44706d6e	central 600x450 pixel crop, unscaled
captures/set-02/repair_work_0.75_normal_0.0.png	7258af312df4c07e13781e9450ee5432ed1679ec9e828117fca10fd2ac93bd57	central 600x450 pixel crop, unscaled
captures/set-04/storage_idle_loaded_normal_0.0.png	50aa00a8b291bfc757abc4f602bef72c356e439e28acc8c53c4f46fb099196d0	central 600x450 pixel crop, unscaled
captures/set-04/storage_disabled_loaded_normal_0.0.png	de7995905b4cd09ad3ad4cd9bdf8bb4cb3b8394f0b6f625d41e35fb9a4f17bb9	central 600x450 pixel crop, unscaled
captures/set-04/storage_maintenance_loaded_normal_0.0.png	eed01138926df77eda7ec8ac39e586c3c6c578afc04deb840de8e0ce0626d48d	central 600x450 pixel crop, unscaled
captures/set-02/lander_work_loaded_normal_0.0.png	70b41f21b20ed37a6bc6a1173ea7eab265aeee4236d64cb3f53d06cd18d55dc2	central 600x450 pixel crop, unscaled
captures/set-02/lander_work_empty_normal_90.0.png	5a7af6adffe20927707534fd43ec7c661ae60be5d30d71c15e8eacf33414cc95	central 600x450 pixel crop, unscaled
captures/set-03/lander_maintenance_normal_0.0.png	bab4a31c46c12635b856dff51a94ac82650ff98632b42edbac2d1a3a4fc25558	central 600x450 pixel crop, unscaled
captures/set-05/terrain-original_idle_empty_normal_90.0.png	5a0642720273beae4f4b45baac5c9f5dab59fcfd42c9fb042dc14bd08169033c	central 600x450 pixel crop, unscaled
captures/set-05/terrain-flat_idle_empty_normal_90.0.png	3a47daf69b9cd9d7dd8587d4342f1520b684ab1cdb65b22f5e8dc83125172534	central 600x450 pixel crop, unscaled
captures/set-05/terrain-dug_idle_empty_normal_90.0.png	96891fb68cd42eadcc28fd517fe33edde1d62ad40b49a9aa34cae9881c5ae891	central 600x450 pixel crop, unscaled
captures/set-05/terrain-dug_idle_empty_close_0.0.png	52bb2b2a68fc2d99508b187402852296f3c64c49dcec3af659aa9f5bfde15e0e	full original frame and central crop
captures/set-05/recovery_idle_empty_close_0.0.png	2e63d2b9a76e6d683864084224f7c5914393a138294d9dffe5be008ef9f3a0f5	central 600x450 pixel crop, unscaled
captures/set-05/crate_idle_empty_close_0.0.png	a77775abdde01383f5901134f1758b276d1c24bdb26e32bd83c5bea38b693a94	central 600x450 pixel crop, unscaled
captures/set-04/zhulei_maintenance_close_90.0.png	764e086c13d8ee46db07d5802d4fd3c70909443441c0da8db9fb01fab94573dc	full-frame thumbnail 768 pixels wide
captures/set-03/zhulei_towed_close_90.0.png	fdb1fa61872e58197bd76793b9518914ab5ed843785f0e035d77fc15e64f6cdb	full-frame thumbnail 768 pixels wide
captures/set-01/wangshan_maintenance_close_90.0.png	0e2ce8f174d918611ef2cd4940ebef726c9cac9cb230ace9c3a0baeedefc9d59	full-frame thumbnail 768 pixels wide
captures/set-06/processor_work_close_90.0.png	4d71798035928fdb04ca941425f4bc1de45a3ce97b8c902f609dc1aaa05d4145	full-frame thumbnail 768 pixels wide
captures/set-02/repair_work_0.25_close_90.0.png	70acafa2fa9a8826f408aeb76a14a058715db84522f3508c09feac91010626df	full-frame thumbnail 768 pixels wide
captures/set-02/lander_work_loaded_close_90.0.png	c6ab97c62fae2d13fb4beef731f5948c69315656ff14bd61c07ca5af645a5c08	full-frame thumbnail 768 pixels wide
captures/set-07/tuoyun_idle_loaded_close_180.0.png	a6e40c8aa0e255ab4b6e33f877e5dc68768cad5db377db74e7c9bb1c1c90d03e	full original frame
captures/set-04/charger_work_0.5_close_90.0.png	abaefb8fb781030b25b798426f39de1d476c379e324ef4392b2689996d19e227	full original frame
