asset_id,category,label,width,height,source_x0,source_y0,source_x1,source_y1,webp_quality,webp_path,git_blob_sha,status
scene-02-daylight,scenes,白昼基地,192,113,18,815,210,928,60,scenes/scene-02-daylight.webp,dfd593fd22b97fb3b7278796100b8c8c6a5e7a42,REFERENCE_CROP_NOT_RUNTIME_ASSET
scene-03-sunset,scenes,黄昏基地,211,113,215,815,426,928,60,scenes/scene-03-sunset.webp,4ca241a16bed05735738b17af79d6ca8036b285c,REFERENCE_CROP_NOT_RUNTIME_ASSET
scene-04-night,scenes,夜间基地,214,113,431,815,645,928,60,scenes/scene-04-night.webp,5ce4de593dbba0035b17f632c7625be17fb9b2a3,REFERENCE_CROP_NOT_RUNTIME_ASSET
scene-05-dust-storm,scenes,沙尘暴基地,216,113,651,815,867,928,60,scenes/scene-05-dust-storm.webp,e65c9d79e1f10d4414e0ba2a081caa1150a80b93,REFERENCE_CROP_NOT_RUNTIME_ASSET
facility-01-command,facilities,指挥设施外形,130,106,16,438,146,544,60,facilities/facility-01-command.webp,32f40f36460e6dbe8ed8698631ee445de018a8f6,REFERENCE_CROP_NOT_RUNTIME_ASSET
facility-02-solar-array,facilities,太阳能阵列,140,96,152,448,292,544,60,facilities/facility-02-solar-array.webp,20e617889fed2371e95636d15aac2263c6202fe4,REFERENCE_CROP_NOT_RUNTIME_ASSET
facility-03-energy-module,facilities,储能补能模块外形,134,110,294,434,428,544,60,facilities/facility-03-energy-module.webp,5ac6ef322cf7134027938fa45aec50f004ea168e,REFERENCE_CROP_NOT_RUNTIME_ASSET
facility-04-processing,facilities,加工设施,149,112,431,432,580,544,60,facilities/facility-04-processing.webp,2d7315dfaaf96d4916c8b6b1349c1ecba623860c,REFERENCE_CROP_NOT_RUNTIME_ASSET
facility-05-mining-site,facilities,采矿作业区,143,106,17,600,160,706,60,facilities/facility-05-mining-site.webp,04e1814425e3c8933ec6e8da9e2d85fcee188897,REFERENCE_CROP_NOT_RUNTIME_ASSET
facility-06-warehouse,facilities,仓储设施,126,101,162,605,288,706,60,facilities/facility-06-warehouse.webp,52ec82bc2ea0d2fea751fd650c73f93bd9c4fe20,REFERENCE_CROP_NOT_RUNTIME_ASSET
facility-07-maintenance,facilities,维修设施,137,101,291,607,428,708,60,facilities/facility-07-maintenance.webp,9ac2f272d50158a2471c8b86c019fef021566921,REFERENCE_CROP_NOT_RUNTIME_ASSET
facility-08-landing-pad,facilities,着陆平台外形,149,122,431,585,580,707,60,facilities/facility-08-landing-pad.webp,24b949d7abb415ed4e14fc2dedd7cf8bde45124b,REFERENCE_CROP_NOT_RUNTIME_ASSET
unit-01-hauler,units,驮运机器人外形,94,97,605,452,699,549,88,units/unit-01-hauler.webp,7f1c526a202c91b80a2bab8578f58f4e6d38c318,REFERENCE_CROP_NOT_RUNTIME_ASSET
unit-02-builder-mining,units,筑垒采掘外形候选,87,102,702,447,789,549,88,units/unit-02-builder-mining.webp,6ac5cce8dfa452da3ea1fb3707992e8384dd8c0b,REFERENCE_CROP_NOT_RUNTIME_ASSET
unit-03-builder-earthworks,units,筑垒清场外形候选,103,90,790,461,893,551,60,units/unit-03-builder-earthworks.webp,8b1f726bb512313de55c009393e33f553900d663,REFERENCE_CROP_NOT_RUNTIME_ASSET
unit-04-surveyor,units,望山勘测外形,71,97,898,454,969,551,88,units/unit-04-surveyor.webp,f655c1a1f81bbf1b4a4e064ec2dd1439a818bed4,REFERENCE_CROP_NOT_RUNTIME_ASSET
state-01-working,states,正常工作示意,71,71,600,635,671,706,60,states/state-01-working.webp,ee851faafb432d6342090e9595c44fbfdf7d6ade,REFERENCE_CROP_NOT_RUNTIME_ASSET
state-02-returning,states,低电回充示意,69,71,672,635,741,706,60,states/state-02-returning.webp,071e336ae2d2bfebaa4ab4fc9fbb640dea283b19,REFERENCE_CROP_NOT_RUNTIME_ASSET
state-03-zero-power,states,零电停机示意,71,71,742,635,813,706,60,states/state-03-zero-power.webp,e1c0ea0d12bcdaeff7c5736be21781c18d026c2d,REFERENCE_CROP_NOT_RUNTIME_ASSET
state-04-disabled,states,机械故障示意,70,111,818,595,888,706,60,states/state-04-disabled.webp,6965d539a93cfbdb961ea6f1cd357c679f8c3861,REFERENCE_CROP_NOT_RUNTIME_ASSET
state-05-recovery,states,被回收示意,81,67,892,639,973,706,60,states/state-05-recovery.webp,fe0526eff30e338a8ba892b8d7a5668de5438d2c,REFERENCE_CROP_NOT_RUNTIME_ASSET
terrain-01-slope-before,terrain,整平前坡地,133,65,998,447,1131,512,60,terrain/terrain-01-slope-before.webp,fe33ddc3850e7128e5c6e1ada9328d1bbfa1d7b2,REFERENCE_CROP_NOT_RUNTIME_ASSET
terrain-02-slope-after,terrain,整平后场地,134,65,1156,447,1290,512,60,terrain/terrain-02-slope-after.webp,27efb4662ab647adf2a42eb27019c3688c278b85,REFERENCE_CROP_NOT_RUNTIME_ASSET
terrain-03-mine-before,terrain,未开挖矿点,133,65,998,539,1131,604,60,terrain/terrain-03-mine-before.webp,eabc3cab1a35770ae9ce83b43feeb69abe9ee855,REFERENCE_CROP_NOT_RUNTIME_ASSET
terrain-04-mine-after,terrain,开挖后矿坑,134,65,1156,539,1290,604,60,terrain/terrain-04-mine-after.webp,a71d8708f2ecb8577c1f31eb68c9cf572ebca279,REFERENCE_CROP_NOT_RUNTIME_ASSET
terrain-05-site-before,terrain,设施建设前,133,67,998,635,1131,702,60,terrain/terrain-05-site-before.webp,9d5b9aeff31a15ff03b10912adda44df31d53be6,REFERENCE_CROP_NOT_RUNTIME_ASSET
terrain-06-site-after,terrain,设施建设后,134,67,1156,635,1290,702,60,terrain/terrain-06-site-after.webp,33db8e2d694fd392b399ad91e5309edfc8d23b92,REFERENCE_CROP_NOT_RUNTIME_ASSET
